{"colsample_bylevel": 0.7983968081304158, "l2_leaf_reg": 2.0710195615611355, "learning_rate": 0.008527981223754099, "max_depth": 7.052352120069745, "subsample": 0.9985036214798904}