{"colsample_bylevel": 0.8732175646075014, "l2_leaf_reg": 4.098767964916441, "learning_rate": 0.003134356934526143, "max_depth": 6.3617649046056455, "subsample": 0.945606018250915}